Subject,Website,URL,How to use it,Access,Checked,Source URL
Aboriginal & Torres Strait Islander Studies,AIATSIS: explore,https://aiatsis.gov.au/explore,"Explore First Nations histories and recognition, including the 1967 Referendum and Freedom Ride. Use evidence from the relevant community and historical context.",Free resources,2026-10-08,https://aiatsis.gov.au/explore
Accounting,AccountingCoach: explanations,https://www.accountingcoach.com/explanations,"Revise double-entry accounting, adjustments, statements and financial ratios. US examples use some different terms and formats; follow the conventions in your class materials.",Free explanations; some additional tools are paid,2026-10-08,https://www.accountingcoach.com/explanations
Aerospace Systems,NASA: Beginner’s Guide to Aeronautics,https://www1.grc.nasa.gov/beginners-guide-to-aeronautics/,"Use explanations and simulations of lift, drag, thrust and aircraft motion to revisit flight-performance concepts.",Free resources,2026-10-08,https://www1.grc.nasa.gov/beginners-guide-to-aeronautics/
Agricultural Science,Queensland DPI: agriculture,https://www.dpi.qld.gov.au/business-priorities/agriculture,"Browse plant production, livestock and agricultural business resources. Use a relevant Queensland example when revising production and sustainability.",Free resources,2026-10-08,https://www.dpi.qld.gov.au/business-priorities/agriculture
Ancient History,History Skills: source analysis and evaluation,https://www.historyskills.com/source-criticism/,"Revise how to analyse origin, purpose, perspective and evidence, then judge usefulness and reliability. Practise with sources from your school-selected EA topic.",Free guides; optional store resources are paid,2026-10-08,https://www.historyskills.com/source-criticism/
Ancient History,World History Encyclopedia: education,https://www.worldhistory.org/edu/,"Search for your selected ancient personality or civilisation to review context, chronology and historical interpretations.",Free articles and teaching resources; optional membership is paid,2026-10-08,https://www.worldhistory.org/edu/
Biology,Khan Academy: AP Biology,https://www.khanacademy.org/science/ap-biology,"Use heredity, gene expression, evolution and ecology lessons to revisit the concept in your task.",Free resources,2026-10-08,https://www.khanacademy.org/science/ap-biology
Business,business.gov.au: managing change,https://business.gov.au/planning/business-structures-and-types/restructuring/manage-change-in-your-business,"Use a practical Australian change-management example to connect planning, stakeholder involvement and communication with business transformation.",Free resources,2026-10-08,https://business.gov.au/planning/business-structures-and-types/restructuring/manage-change-in-your-business
Chemistry,Khan Academy: AP Chemistry,https://www.khanacademy.org/science/ap-chemistry-beta,"Revisit equilibrium, acids and bases, chemical reactions and thermodynamics. Choose the lesson that matches your task.",Free resources,2026-10-08,https://www.khanacademy.org/science/ap-chemistry-beta
Chemistry,Khan Academy: organic chemistry,https://www.khanacademy.org/science/organic-chemistry/,"Review structures, functional groups and organic reactions. Follow your class conventions for naming, mechanisms and required reaction conditions.",Free resources,2026-10-08,https://www.khanacademy.org/science/organic-chemistry/
Chinese,Chinese Grammar Wiki,https://resources.allsetlearning.com/chinese/grammar/Main_Page,"Find a grammar pattern you need, study its examples, then write your own sentence using vocabulary from your course.",Free resources,2026-10-08,https://resources.allsetlearning.com/chinese/grammar/Main_Page
Chinese,SBS Mandarin: news,https://www.sbs.com.au/language/chinese/zh-hans/collection/mandarin-news,"Practise reading or listening to authentic Mandarin reporting. For Extension, choose material related to your investigation and identify viewpoint, evidence and tone.",Free resources,2026-10-08,https://www.sbs.com.au/language/chinese/zh-hans/collection/mandarin-news
Chinese Extension,Chinese Grammar Wiki,https://resources.allsetlearning.com/chinese/grammar/Main_Page,"Find a grammar pattern you need, study its examples, then write your own sentence using vocabulary from your course.",Free resources,2026-10-08,https://resources.allsetlearning.com/chinese/grammar/Main_Page
Chinese Extension,SBS Mandarin: news,https://www.sbs.com.au/language/chinese/zh-hans/collection/mandarin-news,"Practise reading or listening to authentic Mandarin reporting. For Extension, choose material related to your investigation and identify viewpoint, evidence and tone.",Free resources,2026-10-08,https://www.sbs.com.au/language/chinese/zh-hans/collection/mandarin-news
Dance,The Australian Ballet: education resources,https://australianballet.com.au/education-resource-hub,"Use choreography, music and design resources to practise explaining how movement and production choices communicate meaning. Apply your course terminology.",Free resources,2026-10-08,https://australianballet.com.au/education-resource-hub
Design,OpenLearn: sustainable design techniques,https://www.open.edu/openlearn/course/view.php?id=12588,"Read a designer’s clothing case study to connect materials, adaptability, durability and end-of-life decisions with a sustainable design solution.",Free resources,2026-10-08,https://www.open.edu/openlearn/course/view.php?id=12588
Digital Solutions,Khan Academy: Computer Science Principles,https://www.khanacademy.org/computing/ap-computer-science-principles,"Use Internet, online data security and computing-innovation lessons to revise data exchange, cybersecurity and digital impacts.",Free resources,2026-10-08,https://www.khanacademy.org/computing/ap-computer-science-principles
Digital Solutions,MDN: HTTP guides,https://developer.mozilla.org/en-US/docs/Web/HTTP/Guides,"Revisit client–server communication, requests, responses and authentication. Use the overview first; technical detail may go beyond your course.",Free resources,2026-10-08,https://developer.mozilla.org/en-US/docs/Web/HTTP/Guides
Drama,OpenLearn: Approaching plays,https://www.open.edu/openlearn/history-the-arts/literature/approaching-plays/content-section-0,"Review play structure, dialogue, performance and staging, then explain how dramatic choices shape meaning in the stimulus.",Free resources,2026-10-08,https://www.open.edu/openlearn/history-the-arts/literature/approaching-plays/content-section-0
Earth & Environmental Science,Geoscience Australia: classroom resources,https://www.ga.gov.au/education/classroom-resources,"Use Australian resources on natural hazards, minerals and energy to revisit Earth resources and hazards. Select material at the right level for your task.",Free resources,2026-10-08,https://www.ga.gov.au/education/classroom-resources
Economics,Khan Academy: macroeconomics,https://www.khanacademy.org/economics-finance-domain/macroeconomics,"Practise economic indicators, aggregate demand and supply, and monetary or fiscal policy. International examples supplement your Australian course.",Free resources,2026-10-08,https://www.khanacademy.org/economics-finance-domain/macroeconomics
Engineering,Khan Academy: physics archive,https://www.khanacademy.org/science/physics,"Find relevant force, work, energy, torque and motion explanations to support calculations about machines and mechanisms.",Free resources,2026-10-08,https://www.khanacademy.org/science/physics
Engineering,OpenLearn: Introducing engineering,https://www.open.edu/openlearn/science-maths-technology/introducing-engineering,"Review engineering design, materials and manufacturing decisions. Use relevant sections as background for explaining an engineering solution.",Free resources,2026-10-08,https://www.open.edu/openlearn/science-maths-technology/introducing-engineering
English,LitCharts: literature guides,https://www.litcharts.com/lit,Search for your school-selected EA text. Compare a guide’s interpretation with specific evidence from your own copy of the text.,Some content is free; detailed features and downloads may require payment,2026-10-08,https://www.litcharts.com/lit
English & Literature Extension,Open Yale Courses: Theory of Literature,https://oyc.yale.edu/english/engl-300,Use selected lecture videos or transcripts to revisit the critical approach you have studied. These are university lectures: choose a short relevant section.,Free lecture videos and transcripts,2026-10-08,https://oyc.yale.edu/english/engl-300
English & Literature Extension,Purdue OWL: reading criticism,https://owl.purdue.edu/owl/subject_specific_writing/writing_in_literature/writing_in_literature_detailed_discussion/reading_criticism.html,Review how to read critical interpretations and connect them with your own close reading. Apply the theoretical approaches taught in your class.,Free resources,2026-10-08,https://owl.purdue.edu/owl/subject_specific_writing/writing_in_literature/writing_in_literature_detailed_discussion/reading_criticism.html
English as an Additional Language,LitCharts: literature guides,https://www.litcharts.com/lit,Search for your school-selected EA text. Compare a guide’s interpretation with specific evidence from your own copy of the text.,Some content is free; detailed features and downloads may require payment,2026-10-08,https://www.litcharts.com/lit
"Film, Television & New Media",ACMI: screen-learning resources,https://www.acmi.net.au/education/,"Use free film study guides and screen-literacy activities to practise analysing visual language, sound, representation and meaning.",Free online learning resources; some events and programs are paid,2026-10-08,https://www.acmi.net.au/education/
Food & Nutrition,FSANZ: Australian Food Composition Database,https://www.foodstandards.gov.au/science-data/food-nutrient-databases/afcd,Compare nutrient information for foods used in a proposed product or solution. Explain how your choices address the specified consumer’s nutrition needs.,Free resources,2026-10-08,https://www.foodstandards.gov.au/science-data/food-nutrient-databases/afcd
French,TV5MONDE: learn French,https://apprendre.tv5monde.com/,"Choose a suitable level and practise listening to reports with comprehension exercises. For Extension, select a report related to your investigation.",Free online exercises,2026-10-08,https://apprendre.tv5monde.com/
French Extension,TV5MONDE: learn French,https://apprendre.tv5monde.com/,"Choose a suitable level and practise listening to reports with comprehension exercises. For Extension, select a report related to your investigation.",Free online exercises,2026-10-08,https://apprendre.tv5monde.com/
French Extension,TV5MONDE: B2 reports and exercises,https://apprendre.tv5monde.com/fr/exercices/b2-avance,"Use an advanced report to analyse viewpoint, language and evidence, then connect it to your investigation. B2 is a language level, not a QCAA equivalence.",Free online exercises,2026-10-08,https://apprendre.tv5monde.com/fr/exercices/b2-avance
General Mathematics,Khan Academy: statistics and probability,https://www.khanacademy.org/math/statistics-probability,"Revise data displays, bivariate data and regression. Choose relevant sections; this site does not cover every General Mathematics topic.",Free resources,2026-10-08,https://www.khanacademy.org/math/statistics-probability
General Mathematics,Khan Academy: maths courses,https://www.khanacademy.org/math,"Search for the specific skill in your task to revisit supporting algebra, sequences, finance or matrices. Check your class method and calculator conventions.",Free resources,2026-10-08,https://www.khanacademy.org/math
Geography,UN: World Population Prospects,https://population.un.org/wpp,"Explore population estimates and projections. Compare countries or age structures, identify a pattern, then explain a consequence of population change.",Free data and reports,2026-10-08,https://population.un.org/wpp
German,Goethe-Institut: Deutsch für dich,https://www.goethe.de/prj/dfd/en/home.cfm,"Choose relevant reading, listening, grammar and vocabulary exercises. For Extension, practise explaining viewpoints using the language structures you have studied.",Free online practice,2026-10-08,https://www.goethe.de/prj/dfd/en/home.cfm
German Extension,Goethe-Institut: Deutsch für dich,https://www.goethe.de/prj/dfd/en/home.cfm,"Choose relevant reading, listening, grammar and vocabulary exercises. For Extension, practise explaining viewpoints using the language structures you have studied.",Free online practice,2026-10-08,https://www.goethe.de/prj/dfd/en/home.cfm
Health,eSafety: respectful relationships,https://www.esafety.gov.au/young-people/being-in-a-respectful-relationship,"Use young people’s perspectives on respect, boundaries and communication to analyse a relationship scenario. Connect the examples with your class health frameworks.",Free resources,2026-10-08,https://www.esafety.gov.au/young-people/being-in-a-respectful-relationship
Italian,Rai Scuola: Italian B1,https://www.raiscuola.rai.it/percorsi/livellob1,"Use video units to practise comprehension and vocabulary, including everyday life, education and work. Choose the unit that supports your current task.",Public video resources; availability can vary by location,2026-10-08,https://www.raiscuola.rai.it/percorsi/livellob1
Japanese,Japan Foundation: Irodori,https://www.irodori.jpf.go.jp/en/,"Use downloadable lessons and audio for everyday life, work and future choices. Select the level and topic that match your course.",Free learning materials and audio,2026-10-08,https://www.irodori.jpf.go.jp/en/
Legal Studies,Australian Human Rights Commission: student resources,https://humanrights.gov.au/human-rights-education/student-resources,"Review human rights concepts and Australian examples. Connect evidence with the legal issue, protection or limitation named in your task.",Free resources,2026-10-08,https://humanrights.gov.au/human-rights-education/student-resources
Legal Studies,Legal Aid Queensland: legal information,https://www.legalaid.qld.gov.au/Find-legal-information,"Find a relevant Queensland example of rights, discrimination or legal processes. Check the jurisdiction and currency when using a legal example.",Free resources,2026-10-08,https://www.legalaid.qld.gov.au/Find-legal-information
Literature,LitCharts: literature guides,https://www.litcharts.com/lit,Search for your school-selected EA text. Compare a guide’s interpretation with specific evidence from your own copy of the text.,Some content is free; detailed features and downloads may require payment,2026-10-08,https://www.litcharts.com/lit
Marine Science,AIMS: corals,https://www.aims.gov.au/research-topics/marine-life/corals,"Revisit coral biology and reef relationships, then explain how a change in conditions could affect a reef system.",Free resources,2026-10-08,https://www.aims.gov.au/research-topics/marine-life/corals
Marine Science,AIMS: reef-monitoring dashboard,https://apps.aims.gov.au/reef-monitoring/,"Explore reef survey data to practise identifying trends, interpreting evidence and explaining the limits of a monitoring result.",Free dashboard; JavaScript required,2026-10-08,https://apps.aims.gov.au/reef-monitoring/
Mathematical Methods,Khan Academy: Calculus 1,https://www.khanacademy.org/math/calculus-1,"Practise derivatives, integrals and their applications. Choose the section relevant to your task; some content extends beyond the QCAA course.",Free resources,2026-10-08,https://www.khanacademy.org/math/calculus-1
Mathematical Methods,Khan Academy: statistics and probability,https://www.khanacademy.org/math/statistics-probability,"Revisit probability distributions, sampling and inference where relevant to your course. Use your class definitions and required notation.",Free resources,2026-10-08,https://www.khanacademy.org/math/statistics-probability
Modern History,History Skills: source analysis and evaluation,https://www.historyskills.com/source-criticism/,"Revise how to analyse origin, purpose, perspective and evidence, then judge usefulness and reliability. Practise with sources from your school-selected EA topic.",Free guides; optional store resources are paid,2026-10-08,https://www.historyskills.com/source-criticism/
Music,OpenLearn: Discovering music through listening,https://www.open.edu/openlearn/history-the-arts/discovering-music-through-listening,"Practise close listening for rhythm, metre, melody and timbre, then explain how musical elements work together in an excerpt.",Free resources,2026-10-08,https://www.open.edu/openlearn/history-the-arts/discovering-music-through-listening
Music,musictheory.net: lessons,https://www.musictheory.net/lessons/,"Refresh notation, intervals, scales and chords so you can name musical features accurately in an analytical response.",Free web lessons; optional mobile apps are paid,2026-10-08,https://www.musictheory.net/lessons/
Music Extension (Composition),OpenLearn: Discovering music through listening,https://www.open.edu/openlearn/history-the-arts/discovering-music-through-listening,"Practise close listening for rhythm, metre, melody and timbre, then explain how musical elements work together in an excerpt.",Free resources,2026-10-08,https://www.open.edu/openlearn/history-the-arts/discovering-music-through-listening
Music Extension (Composition),musictheory.net: lessons,https://www.musictheory.net/lessons/,"Refresh notation, intervals, scales and chords so you can name musical features accurately in an analytical response.",Free web lessons; optional mobile apps are paid,2026-10-08,https://www.musictheory.net/lessons/
Music Extension (Musicology),OpenLearn: Discovering music through listening,https://www.open.edu/openlearn/history-the-arts/discovering-music-through-listening,"Practise close listening for rhythm, metre, melody and timbre, then explain how musical elements work together in an excerpt.",Free resources,2026-10-08,https://www.open.edu/openlearn/history-the-arts/discovering-music-through-listening
Music Extension (Musicology),musictheory.net: lessons,https://www.musictheory.net/lessons/,"Refresh notation, intervals, scales and chords so you can name musical features accurately in an analytical response.",Free web lessons; optional mobile apps are paid,2026-10-08,https://www.musictheory.net/lessons/
Music Extension (Performance),OpenLearn: Discovering music through listening,https://www.open.edu/openlearn/history-the-arts/discovering-music-through-listening,"Practise close listening for rhythm, metre, melody and timbre, then explain how musical elements work together in an excerpt.",Free resources,2026-10-08,https://www.open.edu/openlearn/history-the-arts/discovering-music-through-listening
Music Extension (Performance),musictheory.net: lessons,https://www.musictheory.net/lessons/,"Refresh notation, intervals, scales and chords so you can name musical features accurately in an analytical response.",Free web lessons; optional mobile apps are paid,2026-10-08,https://www.musictheory.net/lessons/
Philosophy & Reason,Stanford Encyclopedia: justice,https://plato.stanford.edu/entries/justice/,Compare accounts of justice and test their assumptions against an example. This is advanced reference material: focus on the philosophers studied in class.,Free resources,2026-10-08,https://plato.stanford.edu/entries/justice/
Physical Education,OpenLearn: training for speed and power,https://www.open.edu/openlearn/health-sports-psychology/training-speed-and-power-sport-and-fitness,"Review physiology and training principles, then explain how a training choice addresses a sport’s performance demands. Use it for theory revision.",Free resources,2026-10-08,https://www.open.edu/openlearn/health-sports-psychology/training-speed-and-power-sport-and-fitness
Physics,Khan Academy: physics archive,https://www.khanacademy.org/science/physics,"Revisit gravity, electromagnetism and other relevant physics concepts through explanations and examples. Use class materials for the full modern-physics requirements.",Free resources,2026-10-08,https://www.khanacademy.org/science/physics
Psychology,OpenStax: Psychology 2e,https://openstax.org/books/psychology-2e/pages/1-introduction,"Use the chapter contents to revisit learning, memory, cognition and social psychology. Read the relevant section and test recall with its review questions.",Free online textbook,2026-10-08,https://openstax.org/books/psychology-2e/pages/1-introduction
Spanish,VideoEle: Spanish video course,https://videoele.com/Curso.html,"Choose an appropriate A1–B2 video to practise listening and vocabulary, then use its activities to check comprehension.",Free video course; videos use YouTube,2026-10-08,https://videoele.com/Curso.html
Specialist Mathematics,Khan Academy: Calculus 1,https://www.khanacademy.org/math/calculus-1,"Practise derivatives, integrals and their applications. Choose the section relevant to your task; some content extends beyond the QCAA course.",Free resources,2026-10-08,https://www.khanacademy.org/math/calculus-1
Specialist Mathematics,Khan Academy: statistics and probability,https://www.khanacademy.org/math/statistics-probability,"Revisit probability distributions, sampling and inference where relevant to your course. Use your class definitions and required notation.",Free resources,2026-10-08,https://www.khanacademy.org/math/statistics-probability
Specialist Mathematics,Khan Academy: linear algebra,https://www.khanacademy.org/math/linear-algebra,Revisit vectors and matrix transformations. Use the sections matching your task; this course also contains material beyond senior secondary study.,Free resources,2026-10-08,https://www.khanacademy.org/math/linear-algebra
Study of Religion,Harvard Pluralism Project: religions,https://pluralism.org/religions,"Review the beliefs and practices of the traditions studied in class, then connect a relevant belief with human dignity or rights. Examples often use a US context.",Free resources,2026-10-08,https://pluralism.org/religions
Study of Religion,Australian Human Rights Commission: learn about human rights,https://humanrights.gov.au/resource-hub/by-resource-type/learn-about-human-rights,Use Australian human-rights background to support discussion of human existence and rights. Pair this with the religious teachings and examples studied in class.,Free resources,2026-10-08,https://humanrights.gov.au/resource-hub/by-resource-type/learn-about-human-rights
Visual Art,Smarthistory: visual analysis,https://smarthistory.org/visual-analysis/,"Practise describing visual features and explaining their effects, then connect those observations with the contexts required in your task.",Free video and transcript,2026-10-08,https://smarthistory.org/visual-analysis/
